Zauberspruch / Fluch;Wirkung
Accio;ruft Gegenstände und Lebewesen herbei
Aquamenti;lässt Wasser aus der Spitze des Zauberstabs schießen
Alarte Ascendare;Lässt Objekte in die Höhe schießen
Alohomora;öffnet Schlösser
Amnesia;löscht das Gedächtnis des Opfers aus
Anapneo;befreit die Atemwege
Arania Exumai;Wehrt Spinnen ab
Arresto Momentum;Alles, was sich bewegt, wird langsamer
Aparecium;enthüllt verborgene Schriften etc.
Ascendio;lässt Menschen oder Gegenstände in die Luft steigen
Avada Kedavra;Todesfluch, tötet sofort und schmerzlos (einer der drei unverzeihlichen Flüche)
Avis;lässt Vögel aus der Spitze des Zauberstabs kommen
Bombarda;Verursacht eine Explosion
Brackium Emendo;Heilt gebrochene Knochen
Cave Inimicum;macht den Anwender unsichtbar und unhörbar für Feinde
Colloportus;verschließt Türen und Fenster
Confringo;lässt Gegenstände explodieren
Confundo;Verwechslungs- oder Verwirrungzauber
Crucio;Folterfluch, fügt Qualen zu (einer der drei unverzeihlichen Flüche)
Defodio;sprengt Felsen und Gestein
Deletrius;lässt den Prior Incantato wieder verschwinden
Densaugeo;lässt die Zähne einer Person wachsen
Deprimo;sprengt ein großes Loch in den Fußboden
Descendo;lässt ein Objekt nach unten bewegen
Diffindo;kann Dinge zertrennen/aufreißen
Dissendium;ermöglicht, verdeckte Zugänge zu öffnen
Duro;versteinert Gegenstände
Engorgio;lässt lebende Organismen auf überdimensionale Größe anschwellen
Episkey;heilt kleinere Knochenbrüche und Verletzungen
Erecto;richtet Dinge auf
Evanesco;lässt einen Gegenstand oder eine Substanz verschwinden
Expecto patronum;beschwört einen Patronus herauf, der Dementoren vertreibt
Expelliarmus;entwaffnet den Gegner
Expulso;lässt Gegenstände explodieren
Ferula;schient z. B. gebrochene Körperteile
Fidelius-Zauber;verbirgt einen Ort im Gedächtnis des Geheimniswahrers
Finite Incantatem;beendet einige Zauber und Flüche mit dauerhafter Wirkung
Flagrante;verzaubert Gegenstände so, dass sie sich glühend heiß anfühlen
Flagrate;ermöglicht mit dem Zauberstab eine rote Spur in der Luft oder auf einem Gegenstand zu hinterlassen
Furunculus;verunstaltet das Gesicht des Opfers mit Eiterbeulen
Geminio Zauber / Gemino Fluch;stellt ein Duplikat eines Gegenstandes her
Glisseo;verwandelt eine Treppe in eine Rutschbahn
Homenum Revelio;macht die Anwesenheit von Menschen an einem Ort sichtbar
Impedimenta;lässt einen Feind in der Bewegung erstarren
Imperio;Unterwerfungsfluch, zwingt Willen auf (ist einer der drei unverzeihlichen Flüche)
Imperturbatio-Zauber;schützt ein Objekt so, dass niemand es berühren oder durchdringen kann
Impervius;macht die Oberfläche von Dingen, Menschen, Tieren etc. wasserabweisend
Incarcerus;fesselt den Getroffenen mit Seilen
Incendio;entfacht ein Feuer
Legilimens;es wird in den Geist einer anderen Person eingedrungen
Levicorpus;hängt den Getroffenen, scheinbar an einem Fuß, kopfüber in der Luft auf
Liberacorpus;ist der Gegenzauber zu Levicorpus und lässt die schwebende Person fallen
Locomotor;bewegt Gegenstände
Lumos;erzeugt Licht an der Spitze des Zauberstabes
meteolohex recanto;Entfernt Wetterzauber
Mobilcorpus;lässt einen leblosen menschlichen Körper zu einer Art Marionette werden
Morsmordre;beschwört das Dunkle Mal herauf
Muffliato;erfüllt die Ohren von jedem in der Nähe mit einem undefinierbaren Brummen
Nox;Licht an der Spitze des Zauberstabs geht wieder aus
Obliviate/Amnesia;verändert das Gedächtnis einer Person
Obscuro;legt jemanden eine magisch nicht zu entfernende Augenbinde an
Okklumentik;den Geist verschließen vor dem Eindringen mit Legilimentik
Oppugno;veranlasst kleine Gegenstände und Wesen, jemanden anzugreifen
Orchideus;lässt einen Blumenstrauß aus der Zauberstabsspitze hervorbrechen
Pack-Zauber;mit diesem Zauberspruch kann man Sachen in einen Koffer packen
Peskiwichteli Pesternomi;unwirksamer Zauberspruch, um randalierende Wichtel zu bändigen
Petrificus Totalus;lässt Maschinen/Geräte und Lebewesen erstarren
Piertotum Locomotor;lässt Statuen oder Ritterrüstungen „zum Leben“ erwachen
Portus;macht aus jedem beliebigen Gegenstand einen Portschlüssel
Prior Incantato;zeigt den letzten Zauber eines Zauberstabs
Protego;blockt schwächere bis fortgeschrittene Zauber und Flüche ab und schleudert sie auf den Angreifer zurück
Protego totalum;stärkerer und langfristiger Schutzzauber
Proteus-Zauber;verbindet Gegenstände miteinander
Quietus;stellt die Stimme auf normale Lautstärke ein
Ratzeputz;säubert schmutzige Gegenstände
Reducio;lässt Gegenstände und Lebewesen schrumpfen
Reductio;pulverisiert Gegenstände und entfernt Blockaden oder Barrieren
Relaschio;sprengt Fesseln und zwingt Gegner, festgehaltene Personen loszulassen
Rennervate;belebt bewusstlose Menschen
Reparo;setzt zerbrochene Gegenstände wieder zusammen
Repello muggeltum;Muggelabwehrzauber
Rictusempra;Kitzelfluch – das magisch gekitzelte Opfer muss unaufhörlich lachen
Riddikulus;vertreibt den Irrwicht, wenn dabei die größte Angst in Gedanken lächerlich gemacht wird
Salvio Hexia;Schutzzauber
Serpensortia;lässt eine Schlange aus der Spitze des Zauberstabs entstehen
Silencio;lässt die Stimme des Getroffenen völlig lautlos werden
Sonorus;verstärkt die Stimme
Specialis Revelio;ermöglicht Verwünschung oder Verzauberungen von Gegenständen zu enthüllen
Stupor;"Schockzauber; schockt den Gegner"
Tergeo;löscht oder verwischt Spuren
Waddiwasi;schießt einen Gegenstand auf das anvisierte Ziel
Weise mir die Richtung;lässt die Spitze des Zauberstabs auf der flachen Hand nach Norden zeigen
Wingardium Leviosa;lässt Gegenstände in die Luft fliegen und für kurze Zeit schweben
